Image,H,S,I
23.jpg,0.51690036,0.16630757,0.19255902
23.jpg,0.51690036,0.16630757,0.19255902
23.jpg,0.51690036,0.16630757,0.19255902
